"Description","Discharge","WUA","WA"
"Barbus_impaired_0106",10,53246.7721669402,325336
"Barbus_impaired_0805",5,59445.0601701065,335000
"Barbus_restored_0106",10,62306.1061503254,425148
"Barbus_restored_0805",5,74500.0709106107,445060
"Rhithrogena_impaired_0106",10,222.168020622216,325336
"Rhithrogena_impaired_0805",5,221.848039745614,335000
"Rhithrogena_restored_0106",10,437.253846818263,425148
"Rhithrogena_restored_0805",5,491.197790069504,445060
